{
  "5ta-Norte": {
    "attraction": 50.0,
    "nodes": [
      287060783,
      287060788,
      287060791,
      287060795,
      480890082,
      480890083,
      480890085,
      480890092,
      480890095,
      480890119,
      480890121,
      480890149,
      480890151,
      480890153,
      623948377,
      623948380,
      623948381,
      623948419,
      676748119,
      676748125,
      676748126,
      676748131,
      676748132,
      676748133,
      1086742602,
      1086742611,
      1086742616,
      1086742680,
      1086742689,
      1086742734,
      1089228677,
      1091771958,
      1115816191,
      1167453332,
      1184298161,
      1184298174,
      1184298177,
      1184298178,
      1184298180,
      1184301729,
      1184301730,
      1184301734,
      1184301735,
      1184301737,
      1729273009,
      1729273010,
      1941488159,
      1941488164,
      1941488165,
      2305475085,
      2545210449,
      2545210457,
      3154322566,
      6050188141,
      7176695789,
      7176695790,
      7176695791,
      10936722266,
      12478914529,
      12478914553,
      13135314774,
      13135314788
    ],
    "polygon": [
      [
        -68.85051064449463,
        -32.89164315077668
      ],
      [
        -68.84850189053334,
        -32.884404191527416
      ],
      [
        -68.86013592389247,
        -32.88349053647654
      ],
      [
        -68.86139139511829,
        -32.889745559517166
      ]
    ],
    "production": 200.0
  },
  "5ta-Sur": {
    "attraction": 50.0,
    "nodes": [
      480124259,
      623931837,
      623948392,
      1086062896,
      1086123027,
      1086123039,
      1086123054,
      1086232632,
      1086232657,
      1086265159,
      1086265189,
      1086742614,
      1086742672,
      1086779775,
      1086779799,
      1086779842,
      1086779852,
      1086779855,
      1086779858,
      1086779861,
      1086779865,
      1086779887,
      1086779893,
      1086779899,
      1086779938,
      1086779948,
      1086779957,
      1086779959,
      1086779978,
      1086779984,
      1086779988,
      1086780022,
      1086780025,
      1086780032,
      1086780061,
      1086780069,
      1086780075,
      1086780113,
      1086780130,
      1086780136,
      1086780145,
      1086780174,
      1086780176,
      1088158206,
      1088158207,
      1088158209,
      1088158210,
      1103783090,
      1729273011,
      1729273012,
      1866455050,
      2180082423,
      2180082428,
      3780431412,
      9708892968,
      10936722267
    ],
    "polygon": [
      [
        -68.85134762531183,
        -32.893892147825
      ],
      [
        -68.85260309653763,
        -32.8996552027613
      ],
      [
        -68.86340014907957,
        -32.899409218709145
      ],
      [
        -68.86214467785376,
        -32.89290821161636
      ]
    ],
    "production": 200.0
  },
  "Aristides": {
    "attraction": 300.0,
    "nodes": [
      287044669,
      287060785,
      480124264,
      480890077,
      676748116,
      676748123,
      676748124,
      1086742625,
      1086742636,
      1086779782,
      1086779787,
      1086779916,
      1086779948,
      1086779950,
      1086779974,
      1086780010,
      1086780028,
      1086780066,
      1086780114,
      1086780140,
      1086780142,
      1089228664,
      1089228667,
      1089228685,
      1091771956,
      1115816185,
      1184298165,
      1184298176,
      2236671834,
      7176679981,
      7176679982
    ],
    "polygon": [
      [
        -68.85126392723011,
        -32.893997569561634
      ],
      [
        -68.85051064449463,
        -32.89164315077668
      ],
      [
        -68.86180988552688,
        -32.889640137780525
      ],
      [
        -68.86260501730322,
        -32.89287307103748
      ]
    ],
    "production": 10.0
  },
  "Bologne/Parque": {
    "attraction": 250.0,
    "nodes": [
      287044669,
      480124249,
      524678129,
      524678130,
      524678131,
      524678132,
      623492253,
      623492261,
      623939915,
      623939928,
      676748121,
      676748122,
      886406741,
      1086779782,
      1086779838,
      1086780063,
      1102523503,
      1102523588,
      1104053880,
      1110588616,
      1110588630,
      1110588649,
      1110588684,
      1110588726,
      1110588742,
      1110588760,
      1110588797,
      1110588810,
      1110588825,
      1110588835,
      2179932740,
      3780431415,
      5155445748,
      5402676779,
      5402676781,
      5402676782,
      5443311536,
      5443311543,
      5511989738,
      5512511078,
      5529616956,
      7595922102,
      7595922108
    ],
    "polygon": [
      [
        -68.8645300731828,
        -32.90046343607554
      ],
      [
        -68.86323275291613,
        -32.8833851147399
      ],
      [
        -68.86013592389247,
        -32.88345539589766
      ],
      [
        -68.86365124332474,
        -32.90060399839106
      ]
    ],
    "production": 50.0
  },
  "Costanera": {
    "attraction": 300.0,
    "nodes": [
      437561644,
      437561646,
      437561648,
      437561738,
      437561739,
      437562121,
      458896744,
      458914808,
      890729153,
      1091465820,
      1091465827,
      1091515685,
      1091605000,
      1091605059,
      1091605069,
      1091605098,
      1100383398,
      1100383407,
      1100413329,
      1100413332,
      1100447014,
      1100447032,
      1108370825,
      1109727349,
      1109738378,
      1109738380,
      1109738382,
      1109773188,
      1109775974,
      1135845772,
      1135846033,
      1728999957,
      1732499003,
      1732499008,
      1732499015,
      1732511204,
      1732511206,
      1762729867,
      3168536692,
      3599930196,
      5025282670,
      5065211550,
      5065211551,
      5774020311,
      6050245022,
      7598051176,
      7706491230,
      7706596197,
      10832293221,
      10836258376
    ],
    "polygon": [
      [
        -68.83494280129463,
        -32.899795765076824
      ],
      [
        -68.83033940680001,
        -32.89325961740516
      ],
      [
        -68.82694963449033,
        -32.88289314663558
      ],
      [
        -68.82820510571614,
        -32.882752584320066
      ],
      [
        -68.8295024259828,
        -32.887110016101175
      ],
      [
        -68.8319296703527,
        -32.89259194640644
      ],
      [
        -68.83335253774194,
        -32.89621142603107
      ],
      [
        -68.83557053690753,
        -32.89947949986691
      ]
    ],
    "production": 10.0
  },
  "Guaymallen": {
    "attraction": 30.0,
    "nodes": [
      304371007,
      890729091,
      890729105,
      1098925088,
      1098925128,
      1098925200,
      1098925313,
      1100413279,
      1100413310,
      1100603500,
      1100603503,
      1109775986,
      1135845780,
      1135845793,
      1135845821,
      1135845856,
      1135845967,
      1135846157,
      1135846232,
      1135846257,
      1135846290,
      1135846364,
      1135888069,
      1135888173,
      1135888219,
      1135888265,
      1136089515,
      1391435617,
      1391435660,
      1391435663,
      1814822407,
      1814822408,
      1814822409,
      1814822410,
      3452400229,
      3462572407,
      3462572408,
      3584741704,
      4941355679,
      8720683662
    ],
    "polygon": [
      [
        -68.8274936720215,
        -32.89972548391906
      ],
      [
        -68.8266566912043,
        -32.88292828721446
      ],
      [
        -68.82841435092044,
        -32.88721543783781
      ],
      [
        -68.83029755775914,
        -32.8931893362474
      ],
      [
        -68.8348591032129,
        -32.8996552027613
      ]
    ],
    "production": 200.0
  },
  "Microcentro": {
    "attraction": 150.0,