{
  "1": {
    "attraction": 1.0,
    "nodes": [
      287042860,
      437558119,
      437558120,
      480890119,
      480890121,
      480890151,
      623948377,
      676748125,
      676748153,
      676748154,
      676748171,
      1086742611,
      1086742616,
      1086742689,
      1091771956,
      1091771958,
      1115816191,
      1184298161,
      1184298174,
      1184298177,
      1184298178,
      1184298180,
      1184301730,
      1184301735,
      2545210457,
      6050188141
    ],
    "polygon": [
      [
        -68.84394034507957,
        -32.88805881173093
      ],
      [
        -68.85218460612904,
        -32.88886704504517
      ],
      [
        -68.8571646419914,
        -32.88675861031238
      ],
      [
        -68.85364932255915,
        -32.89245138409092
      ]
    ],
    "production": 1.0
  }
}